{
    "name": "Castle Oztroja: Map 2",
    "filename": "castle_oztroja_2.png",
    "upperBoundX": "",
    "upperBoundY": "",
    "connections": {
        "88": {
            "hover": [
                [
                    134.99609,
                    152.875
                ],
                [
                    134.99609,
                    163.75
                ],
                [
                    128.99609,
                    163.375
                ],
                [
                    128.24609,
                    153.5
                ]
            ],
            "pulse": [
                [
                    131.90527,
                    158.15625
                ]
            ]
        },
        "92": {
            "hover": [
                [
                    110.59277,
                    139.78125
                ],
                [
                    110.49902,
                    149.5
                ],
                [
                    104.87402,
                    149.3125
                ],
                [
                    104.81152,
                    139.875
                ]
            ],
            "pulse": [
                [
                    107.81152,
                    144.375
                ]
            ]
        },
        "90": {
            "hover": [
                [
                    119.06055,
                    102.0625
                ],
                [
                    119.43555,
                    111.125
                ],
                [
                    113.43555,
                    110.8125
                ],
                [
                    112.87305,
                    102.1875
                ]
            ],
            "pulse": [
                [
                    116.37451,
                    106.59375
                ]
            ]
        },
        "93": {
            "hover": [
                [
                    151.43555,
                    105.8125
                ],
                [
                    151.49805,
                    115.9375
                ],
                [
                    145.37305,
                    116
                ],
                [
                    145.43555,
                    105.6875
                ]
            ],
            "pulse": [
                [
                    148.60889,
                    110.95313
                ]
            ]
        },
        "91": {
            "hover": [
                [
                    160.78027,
                    119.78125
                ],
                [
                    160.56152,
                    127.25
                ],
                [
                    154.62402,
                    127.375
                ],
                [
                    154.59277,
                    119.59375
                ]
            ],
            "pulse": [
                [
                    157.87451,
                    124.10938
                ]
            ]
        }
    }
}